{
  "outputDirectory": ".",
  "cleanUrls": true,
  "trailingSlash": false,
  "redirects": [
    {
      "source": "/:path*",
      "has": [
        {
          "type": "host",
          "value": "characteraibots.com"
        }
      ],
      "destination": "https://www.characteraibots.com/:path*",
      "permanent": true
    },
    {
      "source": "/index.html",
      "destination": "/",
      "permanent": true
    },
    {
      "source": "/characters/:id.html",
      "destination": "/characters/:id",
      "permanent": true
    }
  ],
  "headers": [
    {
      "source": "/(.*)",
      "headers": [
        {
          "key": "X-Content-Type-Options",
          "value": "nosniff"
        },
        {
          "key": "X-Frame-Options",
          "value": "DENY"
        },
        {
          "key": "X-XSS-Protection",
          "value": "1; mode=block"
        }
      ]
    }
  ]
}
